RunID,OutputFileDirectory,OutputFileName,Farmer file directory,Farmer file name,Soil file directory,Soil file name,Weather station ID,Weather station file directory,Weather station file name,Weather file directory,Weather file name,Experimental data Biomass file directory,Experimental data Biomass file name,Experimental data LAI file directory,Experimental data LAI file name,ssqFileDirectory,ssqFileName
1,\\storage.slu.se\Home$\hebs0002\My Documents\Postdoc SLU\CropModel_v12\Test CalculateSSQ\Output files,outputWheat_run2014.csv,\\storage.slu.se\Home$\hebs0002\My Documents\Postdoc SLU\CropModel_v12\Test CalculateSSQ\Input files,farmer_parameters_monoculture2014Wheat.csv,\\storage.slu.se\Home$\hebs0002\My Documents\Postdoc SLU\CropModel_v12\Test CalculateSSQ\Input files,soil_parameters.csv,1,\\storage.slu.se\Home$\hebs0002\My Documents\Postdoc SLU\CropModel_v12\Test CalculateSSQ\Input files,wageningen_station.csv,\\storage.slu.se\Home$\hebs0002\My Documents\Postdoc SLU\CropModel_v12\Test CalculateSSQ\Input files,wageningen_test.csv,\\storage.slu.se\Home$\hebs0002\My Documents\Postdoc SLU\CropModel_v12\Test CalculateSSQ\Input files,Biomass Wheat 2014.csv,\\storage.slu.se\Home$\hebs0002\My Documents\Postdoc SLU\CropModel_v12\Test CalculateSSQ\Input files,LAI Wheat 2014.csv,\\storage.slu.se\Home$\hebs0002\My Documents\Postdoc SLU\CropModel_v12\Test CalculateSSQ\Output files,ssq.csv
2,\\storage.slu.se\Home$\hebs0002\My Documents\Postdoc SLU\CropModel_v12\Test CalculateSSQ\Output files,outputWheat_run2013.csv,\\storage.slu.se\Home$\hebs0002\My Documents\Postdoc SLU\CropModel_v12\Test CalculateSSQ\Input files,farmer_parameters_monoculture2013Wheat.csv,\\storage.slu.se\Home$\hebs0002\My Documents\Postdoc SLU\CropModel_v12\Test CalculateSSQ\Input files,soil_parameters.csv,1,\\storage.slu.se\Home$\hebs0002\My Documents\Postdoc SLU\CropModel_v12\Test CalculateSSQ\Input files,wageningen_station.csv,\\storage.slu.se\Home$\hebs0002\My Documents\Postdoc SLU\CropModel_v12\Test CalculateSSQ\Input files,wageningen_test.csv,\\storage.slu.se\Home$\hebs0002\My Documents\Postdoc SLU\CropModel_v12\Test CalculateSSQ\Input files,Biomass Wheat 2013.csv,\\storage.slu.se\Home$\hebs0002\My Documents\Postdoc SLU\CropModel_v12\Test CalculateSSQ\Input files,LAI Wheat 2013.csv,\\storage.slu.se\Home$\hebs0002\My Documents\Postdoc SLU\CropModel_v12\Test CalculateSSQ\Output files,ssq.csv
3,\\storage.slu.se\Home$\hebs0002\My Documents\Postdoc SLU\CropModel_v12\Test CalculateSSQ\Output files,outputWheat_run2019.csv,\\storage.slu.se\Home$\hebs0002\My Documents\Postdoc SLU\CropModel_v12\Test CalculateSSQ\Input files,farmer_parameters_monoculture2019Wheat.csv,\\storage.slu.se\Home$\hebs0002\My Documents\Postdoc SLU\CropModel_v12\Test CalculateSSQ\Input files,soil_parameters.csv,1,\\storage.slu.se\Home$\hebs0002\My Documents\Postdoc SLU\CropModel_v12\Test CalculateSSQ\Input files,wageningen_station.csv,\\storage.slu.se\Home$\hebs0002\My Documents\Postdoc SLU\CropModel_v12\Test CalculateSSQ\Input files,wageningen_test.csv,\\storage.slu.se\Home$\hebs0002\My Documents\Postdoc SLU\CropModel_v12\Test CalculateSSQ\Input files,Biomass Wheat 2019.csv,\\storage.slu.se\Home$\hebs0002\My Documents\Postdoc SLU\CropModel_v12\Test CalculateSSQ\Input files,LAI Wheat 2019.csv,\\storage.slu.se\Home$\hebs0002\My Documents\Postdoc SLU\CropModel_v12\Test CalculateSSQ\Output files,ssq.csv
4,\\storage.slu.se\Home$\hebs0002\My Documents\Postdoc SLU\CropModel_v12\Test CalculateSSQ\Output files,outputFababean_run1985.csv,\\storage.slu.se\Home$\hebs0002\My Documents\Postdoc SLU\CropModel_v12\Test CalculateSSQ\Input files,farmer_parameters_monoculture1985Fababean.csv,\\storage.slu.se\Home$\hebs0002\My Documents\Postdoc SLU\CropModel_v12\Test CalculateSSQ\Input files,soil_parameters.csv,1,\\storage.slu.se\Home$\hebs0002\My Documents\Postdoc SLU\CropModel_v12\Test CalculateSSQ\Input files,wageningen_station.csv,\\storage.slu.se\Home$\hebs0002\My Documents\Postdoc SLU\CropModel_v12\Test CalculateSSQ\Input files,wageningen_test.csv,\\storage.slu.se\Home$\hebs0002\My Documents\Postdoc SLU\CropModel_v12\Test CalculateSSQ\Input files,Biomass Fababean 1985.csv,\\storage.slu.se\Home$\hebs0002\My Documents\Postdoc SLU\CropModel_v12\Test CalculateSSQ\Input files,LAI Fababean 1985.csv,\\storage.slu.se\Home$\hebs0002\My Documents\Postdoc SLU\CropModel_v12\Test CalculateSSQ\Output files,ssq.csv
5,\\storage.slu.se\Home$\hebs0002\My Documents\Postdoc SLU\CropModel_v12\Test CalculateSSQ\Output files,outputFababean_run1986.csv,\\storage.slu.se\Home$\hebs0002\My Documents\Postdoc SLU\CropModel_v12\Test CalculateSSQ\Input files,farmer_parameters_monoculture1986Fababean.csv,\\storage.slu.se\Home$\hebs0002\My Documents\Postdoc SLU\CropModel_v12\Test CalculateSSQ\Input files,soil_parameters.csv,1,\\storage.slu.se\Home$\hebs0002\My Documents\Postdoc SLU\CropModel_v12\Test CalculateSSQ\Input files,wageningen_station.csv,\\storage.slu.se\Home$\hebs0002\My Documents\Postdoc SLU\CropModel_v12\Test CalculateSSQ\Input files,wageningen_test.csv,\\storage.slu.se\Home$\hebs0002\My Documents\Postdoc SLU\CropModel_v12\Test CalculateSSQ\Input files,Biomass Fababean 1986.csv,\\storage.slu.se\Home$\hebs0002\My Documents\Postdoc SLU\CropModel_v12\Test CalculateSSQ\Input files,LAI Fababean 1986.csv,\\storage.slu.se\Home$\hebs0002\My Documents\Postdoc SLU\CropModel_v12\Test CalculateSSQ\Output files,ssq.csv
6,\\storage.slu.se\Home$\hebs0002\My Documents\Postdoc SLU\CropModel_v12\Test CalculateSSQ\Output files,outputFababean_run1988.csv,\\storage.slu.se\Home$\hebs0002\My Documents\Postdoc SLU\CropModel_v12\Test CalculateSSQ\Input files,farmer_parameters_monoculture1988Fababean.csv,\\storage.slu.se\Home$\hebs0002\My Documents\Postdoc SLU\CropModel_v12\Test CalculateSSQ\Input files,soil_parameters.csv,1,\\storage.slu.se\Home$\hebs0002\My Documents\Postdoc SLU\CropModel_v12\Test CalculateSSQ\Input files,wageningen_station.csv,\\storage.slu.se\Home$\hebs0002\My Documents\Postdoc SLU\CropModel_v12\Test CalculateSSQ\Input files,wageningen_test.csv,\\storage.slu.se\Home$\hebs0002\My Documents\Postdoc SLU\CropModel_v12\Test CalculateSSQ\Input files,Biomass Fababean 1988.csv,\\storage.slu.se\Home$\hebs0002\My Documents\Postdoc SLU\CropModel_v12\Test CalculateSSQ\Input files,LAI Fababean 1988.csv,\\storage.slu.se\Home$\hebs0002\My Documents\Postdoc SLU\CropModel_v12\Test CalculateSSQ\Output files,ssq.csv
7,\\storage.slu.se\Home$\hebs0002\My Documents\Postdoc SLU\CropModel_v12\Test CalculateSSQ\Output files,outputFababean_run2019.csv,\\storage.slu.se\Home$\hebs0002\My Documents\Postdoc SLU\CropModel_v12\Test CalculateSSQ\Input files,farmer_parameters_monoculture2019Fababean.csv,\\storage.slu.se\Home$\hebs0002\My Documents\Postdoc SLU\CropModel_v12\Test CalculateSSQ\Input files,soil_parameters.csv,1,\\storage.slu.se\Home$\hebs0002\My Documents\Postdoc SLU\CropModel_v12\Test CalculateSSQ\Input files,wageningen_station.csv,\\storage.slu.se\Home$\hebs0002\My Documents\Postdoc SLU\CropModel_v12\Test CalculateSSQ\Input files,wageningen_test.csv,\\storage.slu.se\Home$\hebs0002\My Documents\Postdoc SLU\CropModel_v12\Test CalculateSSQ\Input files,Biomass Fababean 2019.csv,\\storage.slu.se\Home$\hebs0002\My Documents\Postdoc SLU\CropModel_v12\Test CalculateSSQ\Input files,LAI Fababean 2019.csv,\\storage.slu.se\Home$\hebs0002\My Documents\Postdoc SLU\CropModel_v12\Test CalculateSSQ\Output files,ssq.csv
8,\\storage.slu.se\Home$\hebs0002\My Documents\Postdoc SLU\CropModel_v12\Test CalculateSSQ\Output files,output_run2019WheatFababean.csv,\\storage.slu.se\Home$\hebs0002\My Documents\Postdoc SLU\CropModel_v12\Test CalculateSSQ\Input files,farmer_parameters_intercrop2019WheatFababean_6_6.csv,\\storage.slu.se\Home$\hebs0002\My Documents\Postdoc SLU\CropModel_v12\Test CalculateSSQ\Input files,soil_parameters.csv,1,\\storage.slu.se\Home$\hebs0002\My Documents\Postdoc SLU\CropModel_v12\Test CalculateSSQ\Input files,wageningen_station.csv,\\storage.slu.se\Home$\hebs0002\My Documents\Postdoc SLU\CropModel_v12\Test CalculateSSQ\Input files,wageningen_test.csv,\\storage.slu.se\Home$\hebs0002\My Documents\Postdoc SLU\CropModel_v12\Test CalculateSSQ\Input files,Biomass Fababean 2019_6_6.csv,\\storage.slu.se\Home$\hebs0002\My Documents\Postdoc SLU\CropModel_v12\Test CalculateSSQ\Input files,LAI Fababean 2019_6_6.csv,\\storage.slu.se\Home$\hebs0002\My Documents\Postdoc SLU\CropModel_v12\Test CalculateSSQ\Output files,ssq.csv
